DATAFLOW,LAST UPDATE,freq,unit,geo,TIME_PERIOD,OBS_VALUE,OBS_FLAG
ESTAT:SDG_11_32(1.0),11/06/24 23:00:00,A,I06,AL,2006,100.0,
ESTAT:SDG_11_32(1.0),11/06/24 23:00:00,A,I06,AL,2009,101.2,
ESTAT:SDG_11_32(1.0),11/06/24 23:00:00,A,I06,AL,2012,101.5,
ESTAT:SDG_11_32(1.0),11/06/24 23:00:00,A,I06,AL,2015,102.0,
ESTAT:SDG_11_32(1.0),11/06/24 23:00:00,A,I06,AL,2018,102.5,
ESTAT:SDG_11_32(1.0),11/06/24 23:00:00,A,I06,AT,2006,100.0,
ESTAT:SDG_11_32(1.0),11/06/24 23:00:00,A,I06,AT,2009,100.9,
ESTAT:SDG_11_32(1.0),11/06/24 23:00:00,A,I06,AT,2012,101.7,
ESTAT:SDG_11_32(1.0),11/06/24 23:00:00,A,I06,AT,2015,101.9,
ESTAT:SDG_11_32(1.0),11/06/24 23:00:00,A,I06,AT,2018,102.9,
ESTAT:SDG_11_32(1.0),11/06/24 23:00:00,A,I06,BA,2006,100.0,
ESTAT:SDG_11_32(1.0),11/06/24 23:00:00,A,I06,BA,2009,100.4,
ESTAT:SDG_11_32(1.0),11/06/24 23:00:00,A,I06,BA,2012,101.0,
ESTAT:SDG_11_32(1.0),11/06/24 23:00:00,A,I06,BA,2015,101.9,
ESTAT:SDG_11_32(1.0),11/06/24 23:00:00,A,I06,BA,2018,102.7,
ESTAT:SDG_11_32(1.0),11/06/24 23:00:00,A,I06,BE,2006,100.0,
ESTAT:SDG_11_32(1.0),11/06/24 23:00:00,A,I06,BE,2009,100.8,
ESTAT:SDG_11_32(1.0),11/06/24 23:00:00,A,I06,BE,2012,101.5,
ESTAT:SDG_11_32(1.0),11/06/24 23:00:00,A,I06,BE,2015,101.9,
ESTAT:SDG_11_32(1.0),11/06/24 23:00:00,A,I06,BE,2018,102.7,
ESTAT:SDG_11_32(1.0),11/06/24 23:00:00,A,I06,BG,2006,100.0,
ESTAT:SDG_11_32(1.0),11/06/24 23:00:00,A,I06,BG,2009,101.2,
ESTAT:SDG_11_32(1.0),11/06/24 23:00:00,A,I06,BG,2012,101.7,
ESTAT:SDG_11_32(1.0),11/06/24 23:00:00,A,I06,BG,2015,102.3,
ESTAT:SDG_11_32(1.0),11/06/24 23:00:00,A,I06,BG,2018,103.0,
ESTAT:SDG_11_32(1.0),11/06/24 23:00:00,A,I06,CH,2006,100.0,
ESTAT:SDG_11_32(1.0),11/06/24 23:00:00,A,I06,CH,2009,101.7,
ESTAT:SDG_11_32(1.0),11/06/24 23:00:00,A,I06,CH,2012,102.3,
ESTAT:SDG_11_32(1.0),11/06/24 23:00:00,A,I06,CH,2015,102.5,
ESTAT:SDG_11_32(1.0),11/06/24 23:00:00,A,I06,CH,2018,102.9,
ESTAT:SDG_11_32(1.0),11/06/24 23:00:00,A,I06,CY,2006,100.0,
ESTAT:SDG_11_32(1.0),11/06/24 23:00:00,A,I06,CY,2009,102.4,
ESTAT:SDG_11_32(1.0),11/06/24 23:00:00,A,I06,CY,2012,104.5,
ESTAT:SDG_11_32(1.0),11/06/24 23:00:00,A,I06,CY,2015,107.9,
ESTAT:SDG_11_32(1.0),11/06/24 23:00:00,A,I06,CY,2018,111.1,
ESTAT:SDG_11_32(1.0),11/06/24 23:00:00,A,I06,CZ,2006,100.0,
ESTAT:SDG_11_32(1.0),11/06/24 23:00:00,A,I06,CZ,2009,100.9,
ESTAT:SDG_11_32(1.0),11/06/24 23:00:00,A,I06,CZ,2012,102.0,
ESTAT:SDG_11_32(1.0),11/06/24 23:00:00,A,I06,CZ,2015,102.3,
ESTAT:SDG_11_32(1.0),11/06/24 23:00:00,A,I06,CZ,2018,103.0,
ESTAT:SDG_11_32(1.0),11/06/24 23:00:00,A,I06,DE,2006,100.0,
ESTAT:SDG_11_32(1.0),11/06/24 23:00:00,A,I06,DE,2009,100.9,
ESTAT:SDG_11_32(1.0),11/06/24 23:00:00,A,I06,DE,2012,101.7,
ESTAT:SDG_11_32(1.0),11/06/24 23:00:00,A,I06,DE,2015,102.1,
ESTAT:SDG_11_32(1.0),11/06/24 23:00:00,A,I06,DE,2018,102.7,
ESTAT:SDG_11_32(1.0),11/06/24 23:00:00,A,I06,DK,2006,100.0,
ESTAT:SDG_11_32(1.0),11/06/24 23:00:00,A,I06,DK,2009,100.9,
ESTAT:SDG_11_32(1.0),11/06/24 23:00:00,A,I06,DK,2012,101.5,
ESTAT:SDG_11_32(1.0),11/06/24 23:00:00,A,I06,DK,2015,101.8,
ESTAT:SDG_11_32(1.0),11/06/24 23:00:00,A,I06,DK,2018,103.0,
ESTAT:SDG_11_32(1.0),11/06/24 23:00:00,A,I06,EE,2006,100.0,
ESTAT:SDG_11_32(1.0),11/06/24 23:00:00,A,I06,EE,2009,100.6,
ESTAT:SDG_11_32(1.0),11/06/24 23:00:00,A,I06,EE,2012,101.6,
ESTAT:SDG_11_32(1.0),11/06/24 23:00:00,A,I06,EE,2015,102.2,
ESTAT:SDG_11_32(1.0),11/06/24 23:00:00,A,I06,EE,2018,102.4,
ESTAT:SDG_11_32(1.0),11/06/24 23:00:00,A,I06,EL,2006,100.0,
ESTAT:SDG_11_32(1.0),11/06/24 23:00:00,A,I06,EL,2009,100.6,
ESTAT:SDG_11_32(1.0),11/06/24 23:00:00,A,I06,EL,2012,101.2,
ESTAT:SDG_11_32(1.0),11/06/24 23:00:00,A,I06,EL,2015,101.6,
ESTAT:SDG_11_32(1.0),11/06/24 23:00:00,A,I06,EL,2018,102.4,
ESTAT:SDG_11_32(1.0),11/06/24 23:00:00,A,I06,ES,2006,100.0,
ESTAT:SDG_11_32(1.0),11/06/24 23:00:00,A,I06,ES,2009,101.3,
ESTAT:SDG_11_32(1.0),11/06/24 23:00:00,A,I06,ES,2012,103.6,
ESTAT:SDG_11_32(1.0),11/06/24 23:00:00,A,I06,ES,2015,104.2,
ESTAT:SDG_11_32(1.0),11/06/24 23:00:00,A,I06,ES,2018,104.9,
ESTAT:SDG_11_32(1.0),11/06/24 23:00:00,A,I06,EU27_2020,2006,100.0,
ESTAT:SDG_11_32(1.0),11/06/24 23:00:00,A,I06,EU27_2020,2009,101.0,
ESTAT:SDG_11_32(1.0),11/06/24 23:00:00,A,I06,EU27_2020,2012,102.1,
ESTAT:SDG_11_32(1.0),11/06/24 23:00:00,A,I06,EU27_2020,2015,102.6,
ESTAT:SDG_11_32(1.0),11/06/24 23:00:00,A,I06,EU27_2020,2018,103.4,
ESTAT:SDG_11_32(1.0),11/06/24 23:00:00,A,I06,FI,2006,100.0,
ESTAT:SDG_11_32(1.0),11/06/24 23:00:00,A,I06,FI,2009,100.9,
ESTAT:SDG_11_32(1.0),11/06/24 23:00:00,A,I06,FI,2012,101.3,
ESTAT:SDG_11_32(1.0),11/06/24 23:00:00,A,I06,FI,2015,101.7,
ESTAT:SDG_11_32(1.0),11/06/24 23:00:00,A,I06,FI,2018,102.6,
ESTAT:SDG_11_32(1.0),11/06/24 23:00:00,A,I06,FR,2006,100.0,
ESTAT:SDG_11_32(1.0),11/06/24 23:00:00,A,I06,FR,2009,100.9,
ESTAT:SDG_11_32(1.0),11/06/24 23:00:00,A,I06,FR,2012,102.3,
ESTAT:SDG_11_32(1.0),11/06/24 23:00:00,A,I06,FR,2015,102.8,
ESTAT:SDG_11_32(1.0),11/06/24 23:00:00,A,I06,FR,2018,103.5,
ESTAT:SDG_11_32(1.0),11/06/24 23:00:00,A,I06,HR,2006,100.0,
ESTAT:SDG_11_32(1.0),11/06/24 23:00:00,A,I06,HR,2009,100.5,
ESTAT:SDG_11_32(1.0),11/06/24 23:00:00,A,I06,HR,2012,101.4,
ESTAT:SDG_11_32(1.0),11/06/24 23:00:00,A,I06,HR,2015,101.9,
ESTAT:SDG_11_32(1.0),11/06/24 23:00:00,A,I06,HR,2018,103.1,
ESTAT:SDG_11_32(1.0),11/06/24 23:00:00,A,I06,HU,2006,100.0,
ESTAT:SDG_11_32(1.0),11/06/24 23:00:00,A,I06,HU,2009,101.1,
ESTAT:SDG_11_32(1.0),11/06/24 23:00:00,A,I06,HU,2012,102.0,
ESTAT:SDG_11_32(1.0),11/06/24 23:00:00,A,I06,HU,2015,102.7,
ESTAT:SDG_11_32(1.0),11/06/24 23:00:00,A,I06,HU,2018,103.4,
ESTAT:SDG_11_32(1.0),11/06/24 23:00:00,A,I06,IE,2006,100.0,
ESTAT:SDG_11_32(1.0),11/06/24 23:00:00,A,I06,IE,2009,100.9,
ESTAT:SDG_11_32(1.0),11/06/24 23:00:00,A,I06,IE,2012,102.0,
ESTAT:SDG_11_32(1.0),11/06/24 23:00:00,A,I06,IE,2015,102.1,
ESTAT:SDG_11_32(1.0),11/06/24 23:00:00,A,I06,IE,2018,104.4,
ESTAT:SDG_11_32(1.0),11/06/24 23:00:00,A,I06,IS,2006,100.0,
ESTAT:SDG_11_32(1.0),11/06/24 23:00:00,A,I06,IS,2009,101.5,
ESTAT:SDG_11_32(1.0),11/06/24 23:00:00,A,I06,IS,2012,104.0,
ESTAT:SDG_11_32(1.0),11/06/24 23:00:00,A,I06,IS,2015,105.1,
ESTAT:SDG_11_32(1.0),11/06/24 23:00:00,A,I06,IS,2018,106.8,
ESTAT:SDG_11_32(1.0),11/06/24 23:00:00,A,I06,IT,2006,100.0,
ESTAT:SDG_11_32(1.0),11/06/24 23:00:00,A,I06,IT,2009,100.8,
ESTAT:SDG_11_32(1.0),11/06/24 23:00:00,A,I06,IT,2012,101.6,
ESTAT:SDG_11_32(1.0),11/06/24 23:00:00,A,I06,IT,2015,101.9,
ESTAT:SDG_11_32(1.0),11/06/24 23:00:00,A,I06,IT,2018,102.4,
ESTAT:SDG_11_32(1.0),11/06/24 23:00:00,A,I06,LI,2006,100.0,
ESTAT:SDG_11_32(1.0),11/06/24 23:00:00,A,I06,LI,2009,101.4,
ESTAT:SDG_11_32(1.0),11/06/24 23:00:00,A,I06,LI,2012,101.5,
ESTAT:SDG_11_32(1.0),11/06/24 23:00:00,A,I06,LI,2015,101.5,
ESTAT:SDG_11_32(1.0),11/06/24 23:00:00,A,I06,LI,2018,102.0,
ESTAT:SDG_11_32(1.0),11/06/24 23:00:00,A,I06,LT,2006,100.0,
ESTAT:SDG_11_32(1.0),11/06/24 23:00:00,A,I06,LT,2009,100.4,
ESTAT:SDG_11_32(1.0),11/06/24 23:00:00,A,I06,LT,2012,100.9,
ESTAT:SDG_11_32(1.0),11/06/24 23:00:00,A,I06,LT,2015,101.3,
ESTAT:SDG_11_32(1.0),11/06/24 23:00:00,A,I06,LT,2018,101.6,
ESTAT:SDG_11_32(1.0),11/06/24 23:00:00,A,I06,LU,2006,100.0,
ESTAT:SDG_11_32(1.0),11/06/24 23:00:00,A,I06,LU,2009,101.0,
ESTAT:SDG_11_32(1.0),11/06/24 23:00:00,A,I06,LU,2012,103.3,
ESTAT:SDG_11_32(1.0),11/06/24 23:00:00,A,I06,LU,2015,103.6,
ESTAT:SDG_11_32(1.0),11/06/24 23:00:00,A,I06,LU,2018,104.4,
ESTAT:SDG_11_32(1.0),11/06/24 23:00:00,A,I06,LV,2006,100.0,
ESTAT:SDG_11_32(1.0),11/06/24 23:00:00,A,I06,LV,2009,100.2,
ESTAT:SDG_11_32(1.0),11/06/24 23:00:00,A,I06,LV,2012,100.8,
ESTAT:SDG_11_32(1.0),11/06/24 23:00:00,A,I06,LV,2015,101.5,
ESTAT:SDG_11_32(1.0),11/06/24 23:00:00,A,I06,LV,2018,101.7,
ESTAT:SDG_11_32(1.0),11/06/24 23:00:00,A,I06,ME,2006,100.0,
ESTAT:SDG_11_32(1.0),11/06/24 23:00:00,A,I06,ME,2009,100.1,
ESTAT:SDG_11_32(1.0),11/06/24 23:00:00,A,I06,ME,2012,100.2,
ESTAT:SDG_11_32(1.0),11/06/24 23:00:00,A,I06,ME,2015,100.3,
ESTAT:SDG_11_32(1.0),11/06/24 23:00:00,A,I06,ME,2018,101.2,
ESTAT:SDG_11_32(1.0),11/06/24 23:00:00,A,I06,MK,2006,100.0,
ESTAT:SDG_11_32(1.0),11/06/24 23:00:00,A,I06,MK,2009,101.3,
ESTAT:SDG_11_32(1.0),11/06/24 23:00:00,A,I06,MK,2012,102.2,
ESTAT:SDG_11_32(1.0),11/06/24 23:00:00,A,I06,MK,2015,103.1,
ESTAT:SDG_11_32(1.0),11/06/24 23:00:00,A,I06,MK,2018,103.7,
ESTAT:SDG_11_32(1.0),11/06/24 23:00:00,A,I06,MT,2006,100.0,
ESTAT:SDG_11_32(1.0),11/06/24 23:00:00,A,I06,MT,2009,100.3,
ESTAT:SDG_11_32(1.0),11/06/24 23:00:00,A,I06,MT,2012,100.4,
ESTAT:SDG_11_32(1.0),11/06/24 23:00:00,A,I06,MT,2015,100.4,
ESTAT:SDG_11_32(1.0),11/06/24 23:00:00,A,I06,MT,2018,104.6,
ESTAT:SDG_11_32(1.0),11/06/24 23:00:00,A,I06,NL,2006,100.0,
ESTAT:SDG_11_32(1.0),11/06/24 23:00:00,A,I06,NL,2009,101.3,
ESTAT:SDG_11_32(1.0),11/06/24 23:00:00,A,I06,NL,2012,102.4,
ESTAT:SDG_11_32(1.0),11/06/24 23:00:00,A,I06,NL,2015,102.6,
ESTAT:SDG_11_32(1.0),11/06/24 23:00:00,A,I06,NL,2018,103.9,
ESTAT:SDG_11_32(1.0),11/06/24 23:00:00,A,I06,NO,2006,100.0,
ESTAT:SDG_11_32(1.0),11/06/24 23:00:00,A,I06,NO,2009,100.8,
ESTAT:SDG_11_32(1.0),11/06/24 23:00:00,A,I06,NO,2012,101.4,
ESTAT:SDG_11_32(1.0),11/06/24 23:00:00,A,I06,NO,2015,102.0,
ESTAT:SDG_11_32(1.0),11/06/24 23:00:00,A,I06,NO,2018,103.3,
ESTAT:SDG_11_32(1.0),11/06/24 23:00:00,A,I06,PL,2006,100.0,
ESTAT:SDG_11_32(1.0),11/06/24 23:00:00,A,I06,PL,2009,102.1,
ESTAT:SDG_11_32(1.0),11/06/24 23:00:00,A,I06,PL,2012,103.1,
ESTAT:SDG_11_32(1.0),11/06/24 23:00:00,A,I06,PL,2015,104.6,
ESTAT:SDG_11_32(1.0),11/06/24 23:00:00,A,I06,PL,2018,105.4,
ESTAT:SDG_11_32(1.0),11/06/24 23:00:00,A,I06,PT,2006,100.0,
ESTAT:SDG_11_32(1.0),11/06/24 23:00:00,A,I06,PT,2009,100.7,
ESTAT:SDG_11_32(1.0),11/06/24 23:00:00,A,I06,PT,2012,101.8,
ESTAT:SDG_11_32(1.0),11/06/24 23:00:00,A,I06,PT,2015,102.6,
ESTAT:SDG_11_32(1.0),11/06/24 23:00:00,A,I06,PT,2018,103.2,
ESTAT:SDG_11_32(1.0),11/06/24 23:00:00,A,I06,RO,2006,100.0,
ESTAT:SDG_11_32(1.0),11/06/24 23:00:00,A,I06,RO,2009,101.4,
ESTAT:SDG_11_32(1.0),11/06/24 23:00:00,A,I06,RO,2012,102.3,
ESTAT:SDG_11_32(1.0),11/06/24 23:00:00,A,I06,RO,2015,103.2,
ESTAT:SDG_11_32(1.0),11/06/24 23:00:00,A,I06,RO,2018,103.9,
ESTAT:SDG_11_32(1.0),11/06/24 23:00:00,A,I06,RS,2006,100.0,
ESTAT:SDG_11_32(1.0),11/06/24 23:00:00,A,I06,RS,2009,100.6,
ESTAT:SDG_11_32(1.0),11/06/24 23:00:00,A,I06,RS,2012,101.0,
ESTAT:SDG_11_32(1.0),11/06/24 23:00:00,A,I06,RS,2015,101.7,
ESTAT:SDG_11_32(1.0),11/06/24 23:00:00,A,I06,RS,2018,102.4,
ESTAT:SDG_11_32(1.0),11/06/24 23:00:00,A,I06,SE,2006,100.0,
ESTAT:SDG_11_32(1.0),11/06/24 23:00:00,A,I06,SE,2009,100.6,
ESTAT:SDG_11_32(1.0),11/06/24 23:00:00,A,I06,SE,2012,101.2,
ESTAT:SDG_11_32(1.0),11/06/24 23:00:00,A,I06,SE,2015,101.4,
ESTAT:SDG_11_32(1.0),11/06/24 23:00:00,A,I06,SE,2018,102.5,
ESTAT:SDG_11_32(1.0),11/06/24 23:00:00,A,I06,SI,2006,100.0,
ESTAT:SDG_11_32(1.0),11/06/24 23:00:00,A,I06,SI,2009,100.7,
ESTAT:SDG_11_32(1.0),11/06/24 23:00:00,A,I06,SI,2012,102.0,
ESTAT:SDG_11_32(1.0),11/06/24 23:00:00,A,I06,SI,2015,102.1,
ESTAT:SDG_11_32(1.0),11/06/24 23:00:00,A,I06,SI,2018,103.1,
ESTAT:SDG_11_32(1.0),11/06/24 23:00:00,A,I06,SK,2006,100.0,
ESTAT:SDG_11_32(1.0),11/06/24 23:00:00,A,I06,SK,2009,101.9,
ESTAT:SDG_11_32(1.0),11/06/24 23:00:00,A,I06,SK,2012,103.2,
ESTAT:SDG_11_32(1.0),11/06/24 23:00:00,A,I06,SK,2015,104.1,
ESTAT:SDG_11_32(1.0),11/06/24 23:00:00,A,I06,SK,2018,104.8,
ESTAT:SDG_11_32(1.0),11/06/24 23:00:00,A,I06,TR,2006,100.0,
ESTAT:SDG_11_32(1.0),11/06/24 23:00:00,A,I06,TR,2009,102.2,
ESTAT:SDG_11_32(1.0),11/06/24 23:00:00,A,I06,TR,2012,103.6,
ESTAT:SDG_11_32(1.0),11/06/24 23:00:00,A,I06,TR,2015,107.3,
ESTAT:SDG_11_32(1.0),11/06/24 23:00:00,A,I06,TR,2018,108.7,
ESTAT:SDG_11_32(1.0),11/06/24 23:00:00,A,I06,XK,2006,100.0,
ESTAT:SDG_11_32(1.0),11/06/24 23:00:00,A,I06,XK,2009,101.8,
ESTAT:SDG_11_32(1.0),11/06/24 23:00:00,A,I06,XK,2012,102.4,
ESTAT:SDG_11_32(1.0),11/06/24 23:00:00,A,I06,XK,2015,106.3,
ESTAT:SDG_11_32(1.0),11/06/24 23:00:00,A,I06,XK,2018,108.4,
ESTAT:SDG_11_32(1.0),11/06/24 23:00:00,A,KM2,AL,2006,338,
ESTAT:SDG_11_32(1.0),11/06/24 23:00:00,A,KM2,AL,2009,342,
ESTAT:SDG_11_32(1.0),11/06/24 23:00:00,A,KM2,AL,2012,343,
ESTAT:SDG_11_32(1.0),11/06/24 23:00:00,A,KM2,AL,2015,345,
ESTAT:SDG_11_32(1.0),11/06/24 23:00:00,A,KM2,AL,2018,347,
ESTAT:SDG_11_32(1.0),11/06/24 23:00:00,A,KM2,AT,2006,2539,
ESTAT:SDG_11_32(1.0),11/06/24 23:00:00,A,KM2,AT,2009,2562,
ESTAT:SDG_11_32(1.0),11/06/24 23:00:00,A,KM2,AT,2012,2583,
ESTAT:SDG_11_32(1.0),11/06/24 23:00:00,A,KM2,AT,2015,2588,
ESTAT:SDG_11_32(1.0),11/06/24 23:00:00,A,KM2,AT,2018,2613,
ESTAT:SDG_11_32(1.0),11/06/24 23:00:00,A,KM2,BA,2006,570,
ESTAT:SDG_11_32(1.0),11/06/24 23:00:00,A,KM2,BA,2009,572,
ESTAT:SDG_11_32(1.0),11/06/24 23:00:00,A,KM2,BA,2012,576,
ESTAT:SDG_11_32(1.0),11/06/24 23:00:00,A,KM2,BA,2015,580,
ESTAT:SDG_11_32(1.0),11/06/24 23:00:00,A,KM2,BA,2018,585,
ESTAT:SDG_11_32(1.0),11/06/24 23:00:00,A,KM2,BE,2006,2772,
ESTAT:SDG_11_32(1.0),11/06/24 23:00:00,A,KM2,BE,2009,2795,
ESTAT:SDG_11_32(1.0),11/06/24 23:00:00,A,KM2,BE,2012,2813,
ESTAT:SDG_11_32(1.0),11/06/24 23:00:00,A,KM2,BE,2015,2824,
ESTAT:SDG_11_32(1.0),11/06/24 23:00:00,A,KM2,BE,2018,2846,
ESTAT:SDG_11_32(1.0),11/06/24 23:00:00,A,KM2,BG,2006,1655,
ESTAT:SDG_11_32(1.0),11/06/24 23:00:00,A,KM2,BG,2009,1675,
ESTAT:SDG_11_32(1.0),11/06/24 23:00:00,A,KM2,BG,2012,1683,
ESTAT:SDG_11_32(1.0),11/06/24 23:00:00,A,KM2,BG,2015,1693,
ESTAT:SDG_11_32(1.0),11/06/24 23:00:00,A,KM2,BG,2018,1705,
ESTAT:SDG_11_32(1.0),11/06/24 23:00:00,A,KM2,CH,2006,1706,
ESTAT:SDG_11_32(1.0),11/06/24 23:00:00,A,KM2,CH,2009,1735,
ESTAT:SDG_11_32(1.0),11/06/24 23:00:00,A,KM2,CH,2012,1745,
ESTAT:SDG_11_32(1.0),11/06/24 23:00:00,A,KM2,CH,2015,1748,
ESTAT:SDG_11_32(1.0),11/06/24 23:00:00,A,KM2,CH,2018,1755,
ESTAT:SDG_11_32(1.0),11/06/24 23:00:00,A,KM2,CY,2006,357,
ESTAT:SDG_11_32(1.0),11/06/24 23:00:00,A,KM2,CY,2009,365,
ESTAT:SDG_11_32(1.0),11/06/24 23:00:00,A,KM2,CY,2012,373,
ESTAT:SDG_11_32(1.0),11/06/24 23:00:00,A,KM2,CY,2015,385,
ESTAT:SDG_11_32(1.0),11/06/24 23:00:00,A,KM2,CY,2018,396,
ESTAT:SDG_11_32(1.0),11/06/24 23:00:00,A,KM2,CZ,2006,2624,
ESTAT:SDG_11_32(1.0),11/06/24 23:00:00,A,KM2,CZ,2009,2647,
ESTAT:SDG_11_32(1.0),11/06/24 23:00:00,A,KM2,CZ,2012,2676,
ESTAT:SDG_11_32(1.0),11/06/24 23:00:00,A,KM2,CZ,2015,2683,
ESTAT:SDG_11_32(1.0),11/06/24 23:00:00,A,KM2,CZ,2018,2702,
ESTAT:SDG_11_32(1.0),11/06/24 23:00:00,A,KM2,DE,2006,19911,
ESTAT:SDG_11_32(1.0),11/06/24 23:00:00,A,KM2,DE,2009,20085,
ESTAT:SDG_11_32(1.0),11/06/24 23:00:00,A,KM2,DE,2012,20253,
ESTAT:SDG_11_32(1.0),11/06/24 23:00:00,A,KM2,DE,2015,20331,
ESTAT:SDG_11_32(1.0),11/06/24 23:00:00,A,KM2,DE,2018,20456,
ESTAT:SDG_11_32(1.0),11/06/24 23:00:00,A,KM2,DK,2006,1881,
ESTAT:SDG_11_32(1.0),11/06/24 23:00:00,A,KM2,DK,2009,1899,
ESTAT:SDG_11_32(1.0),11/06/24 23:00:00,A,KM2,DK,2012,1911,
ESTAT:SDG_11_32(1.0),11/06/24 23:00:00,A,KM2,DK,2015,1915,
ESTAT:SDG_11_32(1.0),11/06/24 23:00:00,A,KM2,DK,2018,1938,
ESTAT:SDG_11_32(1.0),11/06/24 23:00:00,A,KM2,EE,2006,505,
ESTAT:SDG_11_32(1.0),11/06/24 23:00:00,A,KM2,EE,2009,508,
ESTAT:SDG_11_32(1.0),11/06/24 23:00:00,A,KM2,EE,2012,513,
ESTAT:SDG_11_32(1.0),11/06/24 23:00:00,A,KM2,EE,2015,516,
ESTAT:SDG_11_32(1.0),11/06/24 23:00:00,A,KM2,EE,2018,517,
ESTAT:SDG_11_32(1.0),11/06/24 23:00:00,A,KM2,EL,2006,2339,
ESTAT:SDG_11_32(1.0),11/06/24 23:00:00,A,KM2,EL,2009,2353,
ESTAT:SDG_11_32(1.0),11/06/24 23:00:00,A,KM2,EL,2012,2366,
ESTAT:SDG_11_32(1.0),11/06/24 23:00:00,A,KM2,EL,2015,2376,
ESTAT:SDG_11_32(1.0),11/06/24 23:00:00,A,KM2,EL,2018,2395,
ESTAT:SDG_11_32(1.0),11/06/24 23:00:00,A,KM2,ES,2006,9000,
ESTAT:SDG_11_32(1.0),11/06/24 23:00:00,A,KM2,ES,2009,9116,
ESTAT:SDG_11_32(1.0),11/06/24 23:00:00,A,KM2,ES,2012,9328,
ESTAT:SDG_11_32(1.0),11/06/24 23:00:00,A,KM2,ES,2015,9382,
ESTAT:SDG_11_32(1.0),11/06/24 23:00:00,A,KM2,ES,2018,9440,
ESTAT:SDG_11_32(1.0),11/06/24 23:00:00,A,KM2,EU27_2020,2006,107097,
ESTAT:SDG_11_32(1.0),11/06/24 23:00:00,A,KM2,EU27_2020,2009,108185,
ESTAT:SDG_11_32(1.0),11/06/24 23:00:00,A,KM2,EU27_2020,2012,109341,
ESTAT:SDG_11_32(1.0),11/06/24 23:00:00,A,KM2,EU27_2020,2015,109908,
ESTAT:SDG_11_32(1.0),11/06/24 23:00:00,A,KM2,EU27_2020,2018,110702,
ESTAT:SDG_11_32(1.0),11/06/24 23:00:00,A,KM2,FI,2006,2465,
ESTAT:SDG_11_32(1.0),11/06/24 23:00:00,A,KM2,FI,2009,2488,
ESTAT:SDG_11_32(1.0),11/06/24 23:00:00,A,KM2,FI,2012,2497,
ESTAT:SDG_11_32(1.0),11/06/24 23:00:00,A,KM2,FI,2015,2506,
ESTAT:SDG_11_32(1.0),11/06/24 23:00:00,A,KM2,FI,2018,2529,
ESTAT:SDG_11_32(1.0),11/06/24 23:00:00,A,KM2,FR,2006,19268,
ESTAT:SDG_11_32(1.0),11/06/24 23:00:00,A,KM2,FR,2009,19441,
ESTAT:SDG_11_32(1.0),11/06/24 23:00:00,A,KM2,FR,2012,19710,
ESTAT:SDG_11_32(1.0),11/06/24 23:00:00,A,KM2,FR,2015,19812,
ESTAT:SDG_11_32(1.0),11/06/24 23:00:00,A,KM2,FR,2018,19937,
ESTAT:SDG_11_32(1.0),11/06/24 23:00:00,A,KM2,HR,2006,989,
ESTAT:SDG_11_32(1.0),11/06/24 23:00:00,A,KM2,HR,2009,994,
ESTAT:SDG_11_32(1.0),11/06/24 23:00:00,A,KM2,HR,2012,1003,
ESTAT:SDG_11_32(1.0),11/06/24 23:00:00,A,KM2,HR,2015,1008,
ESTAT:SDG_11_32(1.0),11/06/24 23:00:00,A,KM2,HR,2018,1020,
ESTAT:SDG_11_32(1.0),11/06/24 23:00:00,A,KM2,HU,2006,2480,
ESTAT:SDG_11_32(1.0),11/06/24 23:00:00,A,KM2,HU,2009,2509,
ESTAT:SDG_11_32(1.0),11/06/24 23:00:00,A,KM2,HU,2012,2529,
ESTAT:SDG_11_32(1.0),11/06/24 23:00:00,A,KM2,HU,2015,2548,
ESTAT:SDG_11_32(1.0),11/06/24 23:00:00,A,KM2,HU,2018,2564,
ESTAT:SDG_11_32(1.0),11/06/24 23:00:00,A,KM2,IE,2006,1280,
ESTAT:SDG_11_32(1.0),11/06/24 23:00:00,A,KM2,IE,2009,1292,
ESTAT:SDG_11_32(1.0),11/06/24 23:00:00,A,KM2,IE,2012,1306,
ESTAT:SDG_11_32(1.0),11/06/24 23:00:00,A,KM2,IE,2015,1308,
ESTAT:SDG_11_32(1.0),11/06/24 23:00:00,A,KM2,IE,2018,1337,
ESTAT:SDG_11_32(1.0),11/06/24 23:00:00,A,KM2,IS,2006,136,
ESTAT:SDG_11_32(1.0),11/06/24 23:00:00,A,KM2,IS,2009,138,
ESTAT:SDG_11_32(1.0),11/06/24 23:00:00,A,KM2,IS,2012,141,
ESTAT:SDG_11_32(1.0),11/06/24 23:00:00,A,KM2,IS,2015,143,
ESTAT:SDG_11_32(1.0),11/06/24 23:00:00,A,KM2,IS,2018,145,
ESTAT:SDG_11_32(1.0),11/06/24 23:00:00,A,KM2,IT,2006,12666,
ESTAT:SDG_11_32(1.0),11/06/24 23:00:00,A,KM2,IT,2009,12761,
ESTAT:SDG_11_32(1.0),11/06/24 23:00:00,A,KM2,IT,2012,12873,
ESTAT:SDG_11_32(1.0),11/06/24 23:00:00,A,KM2,IT,2015,12900,
ESTAT:SDG_11_32(1.0),11/06/24 23:00:00,A,KM2,IT,2018,12972,
ESTAT:SDG_11_32(1.0),11/06/24 23:00:00,A,KM2,LI,2006,10,
ESTAT:SDG_11_32(1.0),11/06/24 23:00:00,A,KM2,LI,2009,10,
ESTAT:SDG_11_32(1.0),11/06/24 23:00:00,A,KM2,LI,2012,10,
ESTAT:SDG_11_32(1.0),11/06/24 23:00:00,A,KM2,LI,2015,10,
ESTAT:SDG_11_32(1.0),11/06/24 23:00:00,A,KM2,LI,2018,10,
ESTAT:SDG_11_32(1.0),11/06/24 23:00:00,A,KM2,LT,2006,918,
ESTAT:SDG_11_32(1.0),11/06/24 23:00:00,A,KM2,LT,2009,922,
ESTAT:SDG_11_32(1.0),11/06/24 23:00:00,A,KM2,LT,2012,927,
ESTAT:SDG_11_32(1.0),11/06/24 23:00:00,A,KM2,LT,2015,931,
ESTAT:SDG_11_32(1.0),11/06/24 23:00:00,A,KM2,LT,2018,933,
ESTAT:SDG_11_32(1.0),11/06/24 23:00:00,A,KM2,LU,2006,152,
ESTAT:SDG_11_32(1.0),11/06/24 23:00:00,A,KM2,LU,2009,153,
ESTAT:SDG_11_32(1.0),11/06/24 23:00:00,A,KM2,LU,2012,157,
ESTAT:SDG_11_32(1.0),11/06/24 23:00:00,A,KM2,LU,2015,157,
ESTAT:SDG_11_32(1.0),11/06/24 23:00:00,A,KM2,LU,2018,159,
ESTAT:SDG_11_32(1.0),11/06/24 23:00:00,A,KM2,LV,2006,679,
ESTAT:SDG_11_32(1.0),11/06/24 23:00:00,A,KM2,LV,2009,681,
ESTAT:SDG_11_32(1.0),11/06/24 23:00:00,A,KM2,LV,2012,685,
ESTAT:SDG_11_32(1.0),11/06/24 23:00:00,A,KM2,LV,2015,689,
ESTAT:SDG_11_32(1.0),11/06/24 23:00:00,A,KM2,LV,2018,691,
ESTAT:SDG_11_32(1.0),11/06/24 23:00:00,A,KM2,ME,2006,92,
ESTAT:SDG_11_32(1.0),11/06/24 23:00:00,A,KM2,ME,2009,92,
ESTAT:SDG_11_32(1.0),11/06/24 23:00:00,A,KM2,ME,2012,92,
ESTAT:SDG_11_32(1.0),11/06/24 23:00:00,A,KM2,ME,2015,92,
ESTAT:SDG_11_32(1.0),11/06/24 23:00:00,A,KM2,ME,2018,93,
ESTAT:SDG_11_32(1.0),11/06/24 23:00:00,A,KM2,MK,2006,278,
ESTAT:SDG_11_32(1.0),11/06/24 23:00:00,A,KM2,MK,2009,282,
ESTAT:SDG_11_32(1.0),11/06/24 23:00:00,A,KM2,MK,2012,284,
ESTAT:SDG_11_32(1.0),11/06/24 23:00:00,A,KM2,MK,2015,287,
ESTAT:SDG_11_32(1.0),11/06/24 23:00:00,A,KM2,MK,2018,289,
ESTAT:SDG_11_32(1.0),11/06/24 23:00:00,A,KM2,MT,2006,54,
ESTAT:SDG_11_32(1.0),11/06/24 23:00:00,A,KM2,MT,2009,54,
ESTAT:SDG_11_32(1.0),11/06/24 23:00:00,A,KM2,MT,2012,54,
ESTAT:SDG_11_32(1.0),11/06/24 23:00:00,A,KM2,MT,2015,54,
ESTAT:SDG_11_32(1.0),11/06/24 23:00:00,A,KM2,MT,2018,56,
ESTAT:SDG_11_32(1.0),11/06/24 23:00:00,A,KM2,NL,2006,3531,
ESTAT:SDG_11_32(1.0),11/06/24 23:00:00,A,KM2,NL,2009,3577,
ESTAT:SDG_11_32(1.0),11/06/24 23:00:00,A,KM2,NL,2012,3615,
ESTAT:SDG_11_32(1.0),11/06/24 23:00:00,A,KM2,NL,2015,3623,
ESTAT:SDG_11_32(1.0),11/06/24 23:00:00,A,KM2,NL,2018,3670,
ESTAT:SDG_11_32(1.0),11/06/24 23:00:00,A,KM2,NO,2006,1602,
ESTAT:SDG_11_32(1.0),11/06/24 23:00:00,A,KM2,NO,2009,1614,
ESTAT:SDG_11_32(1.0),11/06/24 23:00:00,A,KM2,NO,2012,1625,
ESTAT:SDG_11_32(1.0),11/06/24 23:00:00,A,KM2,NO,2015,1634,
ESTAT:SDG_11_32(1.0),11/06/24 23:00:00,A,KM2,NO,2018,1654,
ESTAT:SDG_11_32(1.0),11/06/24 23:00:00,A,KM2,PL,2006,7549,
ESTAT:SDG_11_32(1.0),11/06/24 23:00:00,A,KM2,PL,2009,7708,
ESTAT:SDG_11_32(1.0),11/06/24 23:00:00,A,KM2,PL,2012,7782,
ESTAT:SDG_11_32(1.0),11/06/24 23:00:00,A,KM2,PL,2015,7898,
ESTAT:SDG_11_32(1.0),11/06/24 23:00:00,A,KM2,PL,2018,7956,
ESTAT:SDG_11_32(1.0),11/06/24 23:00:00,A,KM2,PT,2006,2841,
ESTAT:SDG_11_32(1.0),11/06/24 23:00:00,A,KM2,PT,2009,2861,
ESTAT:SDG_11_32(1.0),11/06/24 23:00:00,A,KM2,PT,2012,2892,
ESTAT:SDG_11_32(1.0),11/06/24 23:00:00,A,KM2,PT,2015,2914,
ESTAT:SDG_11_32(1.0),11/06/24 23:00:00,A,KM2,PT,2018,2931,
ESTAT:SDG_11_32(1.0),11/06/24 23:00:00,A,KM2,RO,2006,3767,
ESTAT:SDG_11_32(1.0),11/06/24 23:00:00,A,KM2,RO,2009,3821,
ESTAT:SDG_11_32(1.0),11/06/24 23:00:00,A,KM2,RO,2012,3853,
ESTAT:SDG_11_32(1.0),11/06/24 23:00:00,A,KM2,RO,2015,3890,
ESTAT:SDG_11_32(1.0),11/06/24 23:00:00,A,KM2,RO,2018,3914,
ESTAT:SDG_11_32(1.0),11/06/24 23:00:00,A,KM2,RS,2006,1440,
ESTAT:SDG_11_32(1.0),11/06/24 23:00:00,A,KM2,RS,2009,1448,
ESTAT:SDG_11_32(1.0),11/06/24 23:00:00,A,KM2,RS,2012,1454,
ESTAT:SDG_11_32(1.0),11/06/24 23:00:00,A,KM2,RS,2015,1465,
ESTAT:SDG_11_32(1.0),11/06/24 23:00:00,A,KM2,RS,2018,1475,
ESTAT:SDG_11_32(1.0),11/06/24 23:00:00,A,KM2,SE,2006,3188,
ESTAT:SDG_11_32(1.0),11/06/24 23:00:00,A,KM2,SE,2009,3207,
ESTAT:SDG_11_32(1.0),11/06/24 23:00:00,A,KM2,SE,2012,3225,
ESTAT:SDG_11_32(1.0),11/06/24 23:00:00,A,KM2,SE,2015,3234,
ESTAT:SDG_11_32(1.0),11/06/24 23:00:00,A,KM2,SE,2018,3268,
ESTAT:SDG_11_32(1.0),11/06/24 23:00:00,A,KM2,SI,2006,522,
ESTAT:SDG_11_32(1.0),11/06/24 23:00:00,A,KM2,SI,2009,526,
ESTAT:SDG_11_32(1.0),11/06/24 23:00:00,A,KM2,SI,2012,533,
ESTAT:SDG_11_32(1.0),11/06/24 23:00:00,A,KM2,SI,2015,533,
ESTAT:SDG_11_32(1.0),11/06/24 23:00:00,A,KM2,SI,2018,538,
ESTAT:SDG_11_32(1.0),11/06/24 23:00:00,A,KM2,SK,2006,1164,
ESTAT:SDG_11_32(1.0),11/06/24 23:00:00,A,KM2,SK,2009,1186,
ESTAT:SDG_11_32(1.0),11/06/24 23:00:00,A,KM2,SK,2012,1201,
ESTAT:SDG_11_32(1.0),11/06/24 23:00:00,A,KM2,SK,2015,1212,
ESTAT:SDG_11_32(1.0),11/06/24 23:00:00,A,KM2,SK,2018,1219,
ESTAT:SDG_11_32(1.0),11/06/24 23:00:00,A,KM2,TR,2006,7788,
ESTAT:SDG_11_32(1.0),11/06/24 23:00:00,A,KM2,TR,2009,7960,
ESTAT:SDG_11_32(1.0),11/06/24 23:00:00,A,KM2,TR,2012,8070,
ESTAT:SDG_11_32(1.0),11/06/24 23:00:00,A,KM2,TR,2015,8353,
ESTAT:SDG_11_32(1.0),11/06/24 23:00:00,A,KM2,TR,2018,8464,
ESTAT:SDG_11_32(1.0),11/06/24 23:00:00,A,KM2,XK,2006,234,
ESTAT:SDG_11_32(1.0),11/06/24 23:00:00,A,KM2,XK,2009,239,
ESTAT:SDG_11_32(1.0),11/06/24 23:00:00,A,KM2,XK,2012,240,
ESTAT:SDG_11_32(1.0),11/06/24 23:00:00,A,KM2,XK,2015,249,
ESTAT:SDG_11_32(1.0),11/06/24 23:00:00,A,KM2,XK,2018,254,
ESTAT:SDG_11_32(1.0),11/06/24 23:00:00,A,PC,AL,2006,1.19,
ESTAT:SDG_11_32(1.0),11/06/24 23:00:00,A,PC,AL,2009,1.20,
ESTAT:SDG_11_32(1.0),11/06/24 23:00:00,A,PC,AL,2012,1.21,
ESTAT:SDG_11_32(1.0),11/06/24 23:00:00,A,PC,AL,2015,1.21,
ESTAT:SDG_11_32(1.0),11/06/24 23:00:00,A,PC,AL,2018,1.22,
ESTAT:SDG_11_32(1.0),11/06/24 23:00:00,A,PC,AT,2006,3.03,
ESTAT:SDG_11_32(1.0),11/06/24 23:00:00,A,PC,AT,2009,3.05,
ESTAT:SDG_11_32(1.0),11/06/24 23:00:00,A,PC,AT,2012,3.08,
ESTAT:SDG_11_32(1.0),11/06/24 23:00:00,A,PC,AT,2015,3.08,
ESTAT:SDG_11_32(1.0),11/06/24 23:00:00,A,PC,AT,2018,3.11,
ESTAT:SDG_11_32(1.0),11/06/24 23:00:00,A,PC,BA,2006,1.11,
ESTAT:SDG_11_32(1.0),11/06/24 23:00:00,A,PC,BA,2009,1.12,
ESTAT:SDG_11_32(1.0),11/06/24 23:00:00,A,PC,BA,2012,1.12,
ESTAT:SDG_11_32(1.0),11/06/24 23:00:00,A,PC,BA,2015,1.13,
ESTAT:SDG_11_32(1.0),11/06/24 23:00:00,A,PC,BA,2018,1.14,
ESTAT:SDG_11_32(1.0),11/06/24 23:00:00,A,PC,BE,2006,9.04,
ESTAT:SDG_11_32(1.0),11/06/24 23:00:00,A,PC,BE,2009,9.12,
ESTAT:SDG_11_32(1.0),11/06/24 23:00:00,A,PC,BE,2012,9.17,
ESTAT:SDG_11_32(1.0),11/06/24 23:00:00,A,PC,BE,2015,9.21,
ESTAT:SDG_11_32(1.0),11/06/24 23:00:00,A,PC,BE,2018,9.28,
ESTAT:SDG_11_32(1.0),11/06/24 23:00:00,A,PC,BG,2006,1.49,
ESTAT:SDG_11_32(1.0),11/06/24 23:00:00,A,PC,BG,2009,1.51,
ESTAT:SDG_11_32(1.0),11/06/24 23:00:00,A,PC,BG,2012,1.52,
ESTAT:SDG_11_32(1.0),11/06/24 23:00:00,A,PC,BG,2015,1.53,
ESTAT:SDG_11_32(1.0),11/06/24 23:00:00,A,PC,BG,2018,1.54,
ESTAT:SDG_11_32(1.0),11/06/24 23:00:00,A,PC,CH,2006,4.18,
ESTAT:SDG_11_32(1.0),11/06/24 23:00:00,A,PC,CH,2009,4.25,
ESTAT:SDG_11_32(1.0),11/06/24 23:00:00,A,PC,CH,2012,4.28,
ESTAT:SDG_11_32(1.0),11/06/24 23:00:00,A,PC,CH,2015,4.29,
ESTAT:SDG_11_32(1.0),11/06/24 23:00:00,A,PC,CH,2018,4.30,
ESTAT:SDG_11_32(1.0),11/06/24 23:00:00,A,PC,CY,2006,3.86,
ESTAT:SDG_11_32(1.0),11/06/24 23:00:00,A,PC,CY,2009,3.95,
ESTAT:SDG_11_32(1.0),11/06/24 23:00:00,A,PC,CY,2012,4.04,
ESTAT:SDG_11_32(1.0),11/06/24 23:00:00,A,PC,CY,2015,4.17,
ESTAT:SDG_11_32(1.0),11/06/24 23:00:00,A,PC,CY,2018,4.29,
ESTAT:SDG_11_32(1.0),11/06/24 23:00:00,A,PC,CZ,2006,3.33,
ESTAT:SDG_11_32(1.0),11/06/24 23:00:00,A,PC,CZ,2009,3.36,
ESTAT:SDG_11_32(1.0),11/06/24 23:00:00,A,PC,CZ,2012,3.39,
ESTAT:SDG_11_32(1.0),11/06/24 23:00:00,A,PC,CZ,2015,3.40,
ESTAT:SDG_11_32(1.0),11/06/24 23:00:00,A,PC,CZ,2018,3.43,
ESTAT:SDG_11_32(1.0),11/06/24 23:00:00,A,PC,DE,2006,5.57,
ESTAT:SDG_11_32(1.0),11/06/24 23:00:00,A,PC,DE,2009,5.62,
ESTAT:SDG_11_32(1.0),11/06/24 23:00:00,A,PC,DE,2012,5.66,
ESTAT:SDG_11_32(1.0),11/06/24 23:00:00,A,PC,DE,2015,5.68,
ESTAT:SDG_11_32(1.0),11/06/24 23:00:00,A,PC,DE,2018,5.72,
ESTAT:SDG_11_32(1.0),11/06/24 23:00:00,A,PC,DK,2006,4.37,
ESTAT:SDG_11_32(1.0),11/06/24 23:00:00,A,PC,DK,2009,4.41,
ESTAT:SDG_11_32(1.0),11/06/24 23:00:00,A,PC,DK,2012,4.44,
ESTAT:SDG_11_32(1.0),11/06/24 23:00:00,A,PC,DK,2015,4.45,
ESTAT:SDG_11_32(1.0),11/06/24 23:00:00,A,PC,DK,2018,4.50,
ESTAT:SDG_11_32(1.0),11/06/24 23:00:00,A,PC,EE,2006,1.16,
ESTAT:SDG_11_32(1.0),11/06/24 23:00:00,A,PC,EE,2009,1.17,
ESTAT:SDG_11_32(1.0),11/06/24 23:00:00,A,PC,EE,2012,1.18,
ESTAT:SDG_11_32(1.0),11/06/24 23:00:00,A,PC,EE,2015,1.19,
ESTAT:SDG_11_32(1.0),11/06/24 23:00:00,A,PC,EE,2018,1.19,
ESTAT:SDG_11_32(1.0),11/06/24 23:00:00,A,PC,EL,2006,1.78,
ESTAT:SDG_11_32(1.0),11/06/24 23:00:00,A,PC,EL,2009,1.79,
ESTAT:SDG_11_32(1.0),11/06/24 23:00:00,A,PC,EL,2012,1.80,
ESTAT:SDG_11_32(1.0),11/06/24 23:00:00,A,PC,EL,2015,1.81,
ESTAT:SDG_11_32(1.0),11/06/24 23:00:00,A,PC,EL,2018,1.82,
ESTAT:SDG_11_32(1.0),11/06/24 23:00:00,A,PC,ES,2006,1.78,
ESTAT:SDG_11_32(1.0),11/06/24 23:00:00,A,PC,ES,2009,1.80,
ESTAT:SDG_11_32(1.0),11/06/24 23:00:00,A,PC,ES,2012,1.84,
ESTAT:SDG_11_32(1.0),11/06/24 23:00:00,A,PC,ES,2015,1.85,
ESTAT:SDG_11_32(1.0),11/06/24 23:00:00,A,PC,ES,2018,1.87,
ESTAT:SDG_11_32(1.0),11/06/24 23:00:00,A,PC,EU27_2020,2006,2.61,
ESTAT:SDG_11_32(1.0),11/06/24 23:00:00,A,PC,EU27_2020,2009,2.63,
ESTAT:SDG_11_32(1.0),11/06/24 23:00:00,A,PC,EU27_2020,2012,2.66,
ESTAT:SDG_11_32(1.0),11/06/24 23:00:00,A,PC,EU27_2020,2015,2.67,
ESTAT:SDG_11_32(1.0),11/06/24 23:00:00,A,PC,EU27_2020,2018,2.69,
ESTAT:SDG_11_32(1.0),11/06/24 23:00:00,A,PC,FI,2006,0.75,
ESTAT:SDG_11_32(1.0),11/06/24 23:00:00,A,PC,FI,2009,0.76,
ESTAT:SDG_11_32(1.0),11/06/24 23:00:00,A,PC,FI,2012,0.76,
ESTAT:SDG_11_32(1.0),11/06/24 23:00:00,A,PC,FI,2015,0.76,
ESTAT:SDG_11_32(1.0),11/06/24 23:00:00,A,PC,FI,2018,0.77,
ESTAT:SDG_11_32(1.0),11/06/24 23:00:00,A,PC,FR,2006,3.51,
ESTAT:SDG_11_32(1.0),11/06/24 23:00:00,A,PC,FR,2009,3.54,
ESTAT:SDG_11_32(1.0),11/06/24 23:00:00,A,PC,FR,2012,3.59,
ESTAT:SDG_11_32(1.0),11/06/24 23:00:00,A,PC,FR,2015,3.61,
ESTAT:SDG_11_32(1.0),11/06/24 23:00:00,A,PC,FR,2018,3.63,
ESTAT:SDG_11_32(1.0),11/06/24 23:00:00,A,PC,HR,2006,1.75,
ESTAT:SDG_11_32(1.0),11/06/24 23:00:00,A,PC,HR,2009,1.76,
ESTAT:SDG_11_32(1.0),11/06/24 23:00:00,A,PC,HR,2012,1.78,
ESTAT:SDG_11_32(1.0),11/06/24 23:00:00,A,PC,HR,2015,1.78,
ESTAT:SDG_11_32(1.0),11/06/24 23:00:00,A,PC,HR,2018,1.81,
ESTAT:SDG_11_32(1.0),11/06/24 23:00:00,A,PC,HU,2006,2.68,
ESTAT:SDG_11_32(1.0),11/06/24 23:00:00,A,PC,HU,2009,2.71,
ESTAT:SDG_11_32(1.0),11/06/24 23:00:00,A,PC,HU,2012,2.74,
ESTAT:SDG_11_32(1.0),11/06/24 23:00:00,A,PC,HU,2015,2.76,
ESTAT:SDG_11_32(1.0),11/06/24 23:00:00,A,PC,HU,2018,2.77,
ESTAT:SDG_11_32(1.0),11/06/24 23:00:00,A,PC,IE,2006,1.83,
ESTAT:SDG_11_32(1.0),11/06/24 23:00:00,A,PC,IE,2009,1.85,
ESTAT:SDG_11_32(1.0),11/06/24 23:00:00,A,PC,IE,2012,1.87,
ESTAT:SDG_11_32(1.0),11/06/24 23:00:00,A,PC,IE,2015,1.87,
ESTAT:SDG_11_32(1.0),11/06/24 23:00:00,A,PC,IE,2018,1.91,
ESTAT:SDG_11_32(1.0),11/06/24 23:00:00,A,PC,IS,2006,0.13,
ESTAT:SDG_11_32(1.0),11/06/24 23:00:00,A,PC,IS,2009,0.13,
ESTAT:SDG_11_32(1.0),11/06/24 23:00:00,A,PC,IS,2012,0.14,
ESTAT:SDG_11_32(1.0),11/06/24 23:00:00,A,PC,IS,2015,0.14,
ESTAT:SDG_11_32(1.0),11/06/24 23:00:00,A,PC,IS,2018,0.14,
ESTAT:SDG_11_32(1.0),11/06/24 23:00:00,A,PC,IT,2006,4.22,
ESTAT:SDG_11_32(1.0),11/06/24 23:00:00,A,PC,IT,2009,4.25,
ESTAT:SDG_11_32(1.0),11/06/24 23:00:00,A,PC,IT,2012,4.29,
ESTAT:SDG_11_32(1.0),11/06/24 23:00:00,A,PC,IT,2015,4.30,
ESTAT:SDG_11_32(1.0),11/06/24 23:00:00,A,PC,IT,2018,4.32,
ESTAT:SDG_11_32(1.0),11/06/24 23:00:00,A,PC,LI,2006,6.21,
ESTAT:SDG_11_32(1.0),11/06/24 23:00:00,A,PC,LI,2009,6.29,
ESTAT:SDG_11_32(1.0),11/06/24 23:00:00,A,PC,LI,2012,6.30,
ESTAT:SDG_11_32(1.0),11/06/24 23:00:00,A,PC,LI,2015,6.30,
ESTAT:SDG_11_32(1.0),11/06/24 23:00:00,A,PC,LI,2018,6.33,
ESTAT:SDG_11_32(1.0),11/06/24 23:00:00,A,PC,LT,2006,1.42,
ESTAT:SDG_11_32(1.0),11/06/24 23:00:00,A,PC,LT,2009,1.42,
ESTAT:SDG_11_32(1.0),11/06/24 23:00:00,A,PC,LT,2012,1.43,
ESTAT:SDG_11_32(1.0),11/06/24 23:00:00,A,PC,LT,2015,1.43,
ESTAT:SDG_11_32(1.0),11/06/24 23:00:00,A,PC,LT,2018,1.44,
ESTAT:SDG_11_32(1.0),11/06/24 23:00:00,A,PC,LU,2006,5.85,
ESTAT:SDG_11_32(1.0),11/06/24 23:00:00,A,PC,LU,2009,5.91,
ESTAT:SDG_11_32(1.0),11/06/24 23:00:00,A,PC,LU,2012,6.05,
ESTAT:SDG_11_32(1.0),11/06/24 23:00:00,A,PC,LU,2015,6.06,
ESTAT:SDG_11_32(1.0),11/06/24 23:00:00,A,PC,LU,2018,6.11,
ESTAT:SDG_11_32(1.0),11/06/24 23:00:00,A,PC,LV,2006,1.05,
ESTAT:SDG_11_32(1.0),11/06/24 23:00:00,A,PC,LV,2009,1.05,
ESTAT:SDG_11_32(1.0),11/06/24 23:00:00,A,PC,LV,2012,1.06,
ESTAT:SDG_11_32(1.0),11/06/24 23:00:00,A,PC,LV,2015,1.07,
ESTAT:SDG_11_32(1.0),11/06/24 23:00:00,A,PC,LV,2018,1.07,
ESTAT:SDG_11_32(1.0),11/06/24 23:00:00,A,PC,ME,2006,0.66,
ESTAT:SDG_11_32(1.0),11/06/24 23:00:00,A,PC,ME,2009,0.66,
ESTAT:SDG_11_32(1.0),11/06/24 23:00:00,A,PC,ME,2012,0.66,
ESTAT:SDG_11_32(1.0),11/06/24 23:00:00,A,PC,ME,2015,0.66,
ESTAT:SDG_11_32(1.0),11/06/24 23:00:00,A,PC,ME,2018,0.67,
ESTAT:SDG_11_32(1.0),11/06/24 23:00:00,A,PC,MK,2006,1.11,
ESTAT:SDG_11_32(1.0),11/06/24 23:00:00,A,PC,MK,2009,1.13,
ESTAT:SDG_11_32(1.0),11/06/24 23:00:00,A,PC,MK,2012,1.14,
ESTAT:SDG_11_32(1.0),11/06/24 23:00:00,A,PC,MK,2015,1.15,
ESTAT:SDG_11_32(1.0),11/06/24 23:00:00,A,PC,MK,2018,1.15,
ESTAT:SDG_11_32(1.0),11/06/24 23:00:00,A,PC,MT,2006,17.17,
ESTAT:SDG_11_32(1.0),11/06/24 23:00:00,A,PC,MT,2009,17.22,
ESTAT:SDG_11_32(1.0),11/06/24 23:00:00,A,PC,MT,2012,17.23,
ESTAT:SDG_11_32(1.0),11/06/24 23:00:00,A,PC,MT,2015,17.24,
ESTAT:SDG_11_32(1.0),11/06/24 23:00:00,A,PC,MT,2018,17.95,
ESTAT:SDG_11_32(1.0),11/06/24 23:00:00,A,PC,NL,2006,9.93,
ESTAT:SDG_11_32(1.0),11/06/24 23:00:00,A,PC,NL,2009,10.06,
ESTAT:SDG_11_32(1.0),11/06/24 23:00:00,A,PC,NL,2012,10.17,
ESTAT:SDG_11_32(1.0),11/06/24 23:00:00,A,PC,NL,2015,10.19,
ESTAT:SDG_11_32(1.0),11/06/24 23:00:00,A,PC,NL,2018,10.32,
ESTAT:SDG_11_32(1.0),11/06/24 23:00:00,A,PC,NO,2006,0.41,
ESTAT:SDG_11_32(1.0),11/06/24 23:00:00,A,PC,NO,2009,0.42,
ESTAT:SDG_11_32(1.0),11/06/24 23:00:00,A,PC,NO,2012,0.42,
ESTAT:SDG_11_32(1.0),11/06/24 23:00:00,A,PC,NO,2015,0.42,
ESTAT:SDG_11_32(1.0),11/06/24 23:00:00,A,PC,NO,2018,0.43,
ESTAT:SDG_11_32(1.0),11/06/24 23:00:00,A,PC,PL,2006,2.42,
ESTAT:SDG_11_32(1.0),11/06/24 23:00:00,A,PC,PL,2009,2.47,
ESTAT:SDG_11_32(1.0),11/06/24 23:00:00,A,PC,PL,2012,2.49,
ESTAT:SDG_11_32(1.0),11/06/24 23:00:00,A,PC,PL,2015,2.53,
ESTAT:SDG_11_32(1.0),11/06/24 23:00:00,A,PC,PL,2018,2.55,
ESTAT:SDG_11_32(1.0),11/06/24 23:00:00,A,PC,PT,2006,3.09,
ESTAT:SDG_11_32(1.0),11/06/24 23:00:00,A,PC,PT,2009,3.12,
ESTAT:SDG_11_32(1.0),11/06/24 23:00:00,A,PC,PT,2012,3.15,
ESTAT:SDG_11_32(1.0),11/06/24 23:00:00,A,PC,PT,2015,3.17,
ESTAT:SDG_11_32(1.0),11/06/24 23:00:00,A,PC,PT,2018,3.19,
ESTAT:SDG_11_32(1.0),11/06/24 23:00:00,A,PC,RO,2006,1.58,
ESTAT:SDG_11_32(1.0),11/06/24 23:00:00,A,PC,RO,2009,1.61,
ESTAT:SDG_11_32(1.0),11/06/24 23:00:00,A,PC,RO,2012,1.62,
ESTAT:SDG_11_32(1.0),11/06/24 23:00:00,A,PC,RO,2015,1.64,
ESTAT:SDG_11_32(1.0),11/06/24 23:00:00,A,PC,RO,2018,1.65,
ESTAT:SDG_11_32(1.0),11/06/24 23:00:00,A,PC,RS,2006,1.86,
ESTAT:SDG_11_32(1.0),11/06/24 23:00:00,A,PC,RS,2009,1.87,
ESTAT:SDG_11_32(1.0),11/06/24 23:00:00,A,PC,RS,2012,1.88,
ESTAT:SDG_11_32(1.0),11/06/24 23:00:00,A,PC,RS,2015,1.89,
ESTAT:SDG_11_32(1.0),11/06/24 23:00:00,A,PC,RS,2018,1.90,
ESTAT:SDG_11_32(1.0),11/06/24 23:00:00,A,PC,SE,2006,0.72,
ESTAT:SDG_11_32(1.0),11/06/24 23:00:00,A,PC,SE,2009,0.73,
ESTAT:SDG_11_32(1.0),11/06/24 23:00:00,A,PC,SE,2012,0.73,
ESTAT:SDG_11_32(1.0),11/06/24 23:00:00,A,PC,SE,2015,0.74,
ESTAT:SDG_11_32(1.0),11/06/24 23:00:00,A,PC,SE,2018,0.74,
ESTAT:SDG_11_32(1.0),11/06/24 23:00:00,A,PC,SI,2006,2.58,
ESTAT:SDG_11_32(1.0),11/06/24 23:00:00,A,PC,SI,2009,2.59,
ESTAT:SDG_11_32(1.0),11/06/24 23:00:00,A,PC,SI,2012,2.63,
ESTAT:SDG_11_32(1.0),11/06/24 23:00:00,A,PC,SI,2015,2.63,
ESTAT:SDG_11_32(1.0),11/06/24 23:00:00,A,PC,SI,2018,2.66,
ESTAT:SDG_11_32(1.0),11/06/24 23:00:00,A,PC,SK,2006,2.37,
ESTAT:SDG_11_32(1.0),11/06/24 23:00:00,A,PC,SK,2009,2.42,
ESTAT:SDG_11_32(1.0),11/06/24 23:00:00,A,PC,SK,2012,2.45,
ESTAT:SDG_11_32(1.0),11/06/24 23:00:00,A,PC,SK,2015,2.47,
ESTAT:SDG_11_32(1.0),11/06/24 23:00:00,A,PC,SK,2018,2.49,
ESTAT:SDG_11_32(1.0),11/06/24 23:00:00,A,PC,TR,2006,1.00,
ESTAT:SDG_11_32(1.0),11/06/24 23:00:00,A,PC,TR,2009,1.02,
ESTAT:SDG_11_32(1.0),11/06/24 23:00:00,A,PC,TR,2012,1.04,
ESTAT:SDG_11_32(1.0),11/06/24 23:00:00,A,PC,TR,2015,1.07,
ESTAT:SDG_11_32(1.0),11/06/24 23:00:00,A,PC,TR,2018,1.09,
ESTAT:SDG_11_32(1.0),11/06/24 23:00:00,A,PC,XK,2006,2.15,
ESTAT:SDG_11_32(1.0),11/06/24 23:00:00,A,PC,XK,2009,2.19,
ESTAT:SDG_11_32(1.0),11/06/24 23:00:00,A,PC,XK,2012,2.20,
ESTAT:SDG_11_32(1.0),11/06/24 23:00:00,A,PC,XK,2015,2.29,
ESTAT:SDG_11_32(1.0),11/06/24 23:00:00,A,PC,XK,2018,2.33,
